stock,date,open,high,low,close,volume
Apple,2025-05-06,198.21,200.65,197.02,198.51,51216482.0
Apple,2025-05-05,203.1,204.1,198.21,198.89,69018452.0
Apple,2025-05-02,206.09,206.99,202.16,205.35,101010621.0
Apple,2025-05-01,209.08,214.56,208.9,213.32,57365675.0
Apple,2025-04-30,209.3,213.58,206.6705,212.5,52286454.0
Apple,2025-04-29,208.693,212.24,208.37,211.21,36827633.0
Apple,2025-04-28,210.0,211.5,207.46,210.14,38743074.0
Apple,2025-04-25,206.365,209.75,206.2,209.28,38222258.0
Apple,2025-04-24,204.89,208.8299,202.94,208.37,47310989.0
Apple,2025-04-23,206.0,208.0,202.799,204.6,52929165.0
Apple,2025-04-22,196.12,201.59,195.97,199.74,52976371.0
Apple,2025-04-21,193.265,193.8,189.8112,193.16,46742537.0
Apple,2025-04-17,197.2,198.8335,194.42,196.98,52164675.0
Apple,2025-04-16,198.36,200.7,192.37,194.27,59732423.0
Apple,2025-04-15,201.855,203.51,199.8,202.14,51343872.0
Apple,2025-04-14,211.44,212.94,201.1621,202.52,101352911.0
Apple,2025-04-11,186.1,199.54,186.06,198.15,87435915.0
Apple,2025-04-10,189.065,194.7799,183.0,190.42,121879981.0
Apple,2025-04-09,171.95,200.61,171.89,198.85,184395885.0
Apple,2025-04-08,186.7,190.335,169.2101,172.42,120859491.0
Apple,2025-04-07,177.2,194.15,174.62,181.46,160466286.0
Apple,2025-04-04,193.89,199.88,187.34,188.38,125910913.0
Apple,2025-04-03,205.54,207.49,201.25,203.19,103419006.0
Apple,2025-04-02,221.315,225.19,221.02,223.89,35905904.0
Apple,2025-04-01,219.805,223.68,218.9,223.19,36412740.0
Apple,2025-03-31,217.005,225.62,216.23,222.13,65299321.0
Apple,2025-03-28,221.67,223.81,217.68,217.9,39818617.0
Apple,2025-03-27,221.39,224.99,220.5601,223.85,37094774.0
Apple,2025-03-26,223.51,225.02,220.47,221.53,34532656.0
Apple,2025-03-25,220.77,224.1,220.08,223.75,34493583.0
Apple,2025-03-24,221.0,221.48,218.58,220.73,44299483.0
Apple,2025-03-21,211.56,218.84,211.28,218.27,94127768.0
Apple,2025-03-20,213.99,217.4899,212.22,214.1,48862947.0
Apple,2025-03-19,214.22,218.76,213.75,215.24,54385391.0
Apple,2025-03-18,214.16,215.15,211.49,212.69,42432426.0
Apple,2025-03-17,213.31,215.22,209.97,214.0,48073426.0
Apple,2025-03-14,211.25,213.95,209.58,213.49,60107582.0
Apple,2025-03-13,215.95,216.8394,208.42,209.68,61368330.0
Apple,2025-03-12,220.14,221.75,214.91,216.98,62547467.0
Apple,2025-03-11,223.805,225.8399,217.45,220.84,76137410.0
Apple,2025-03-10,235.54,236.16,224.22,227.48,71451281.0
Apple,2025-03-07,235.105,241.37,234.76,239.07,46273565.0
Apple,2025-03-06,234.435,237.86,233.1581,235.33,45170419.0
Apple,2025-03-05,235.42,236.55,229.23,235.74,47227643.0
Apple,2025-03-04,237.705,240.07,234.68,235.93,53798062.0
Apple,2025-03-03,241.79,244.0272,236.112,238.03,47183985.0
Apple,2025-02-28,236.95,242.09,230.2,241.84,56833360.0
Apple,2025-02-27,239.41,242.46,237.06,237.3,41153639.0
Apple,2025-02-26,244.33,244.98,239.13,240.36,44433564.0
Apple,2025-02-25,248.0,250.0,244.91,247.04,48013272.0
Apple,2025-02-24,244.925,248.86,244.42,247.1,51326396.0
Apple,2025-02-21,245.95,248.69,245.22,245.55,53197431.0
Apple,2025-02-20,244.94,246.78,244.29,245.83,32316907.0
Apple,2025-02-19,244.66,246.01,243.1604,244.87,32204215.0
Apple,2025-02-18,244.15,245.18,241.84,244.47,48822491.0
Apple,2025-02-14,241.25,245.55,240.99,244.6,40896227.0
Apple,2025-02-13,236.91,242.3399,235.57,241.53,53614054.0
Apple,2025-02-12,231.2,236.96,230.68,236.87,45243292.0
Apple,2025-02-11,228.2,235.23,228.13,232.62,53718362.0
Apple,2025-02-10,229.57,230.585,227.2,227.65,33115645.0
Apple,2025-02-07,232.6,234.0,227.26,227.63,39707224.0
Apple,2025-02-06,231.285,233.8,230.425,233.22,29925349.0
Apple,2025-02-05,228.53,232.67,228.27,232.47,39664989.0
Apple,2025-02-04,227.25,233.13,226.65,232.8,45067301.0
Apple,2025-02-03,229.99,231.83,225.7,228.01,73063301.0
Apple,2025-01-31,247.19,247.19,233.44,236.0,101075128.0
Apple,2025-01-30,238.665,240.79,237.21,237.59,55658279.0
Apple,2025-01-29,234.12,239.855,234.01,239.36,45486100.0
Apple,2025-01-28,230.85,240.19,230.81,238.26,75707569.0
Apple,2025-01-27,224.02,232.15,223.98,229.86,94863418.0
Apple,2025-01-24,224.78,225.63,221.41,222.78,54697907.0
Apple,2025-01-23,224.74,227.03,222.3,223.66,60234760.0
Apple,2025-01-22,219.79,224.12,219.79,223.83,64126500.0
Apple,2025-01-21,224.0,224.42,219.38,222.64,98070429.0
Apple,2025-01-17,232.115,232.29,228.48,229.98,68488301.0
Apple,2025-01-16,237.35,238.01,228.03,228.26,71759052.0
Apple,2025-01-15,234.635,238.96,234.43,237.87,39831969.0
Apple,2025-01-14,234.75,236.12,232.472,233.28,39435294.0
Apple,2025-01-13,233.53,234.67,229.72,234.4,49630725.0
Apple,2025-01-10,240.01,240.16,233.0,236.85,61710856.0
Apple,2025-01-08,241.92,243.7123,240.05,242.7,37628940.0
Apple,2025-01-07,242.98,245.55,241.35,242.21,40855960.0
Apple,2025-01-06,244.31,247.33,243.2,245.0,45045571.0
Apple,2025-01-03,243.36,244.18,241.89,243.36,40244114.0
Apple,2025-01-02,248.93,249.1,241.8201,243.85,55740731.0
Apple,2024-12-31,252.44,253.28,249.43,250.42,39480718.0
Apple,2024-12-30,252.23,253.5,250.75,252.2,35557542.0
Apple,2024-12-27,257.83,258.7,253.06,255.59,42355321.0
Apple,2024-12-26,258.19,260.1,257.63,259.02,27262983.0
Apple,2024-12-24,255.49,258.21,255.29,258.2,23234705.0
Apple,2024-12-23,254.77,255.65,253.45,255.27,40858774.0
Apple,2024-12-20,248.04,255.0,245.69,254.49,147495267.0
Apple,2024-12-19,247.5,252.0,247.0949,249.79,60882264.0
Apple,2024-12-18,252.16,254.28,247.74,248.05,56774101.0
Apple,2024-12-17,250.08,253.83,249.78,253.48,51356360.0
Apple,2024-12-16,247.99,251.38,247.65,251.04,51694753.0
Apple,2024-12-13,247.815,249.2902,246.24,248.13,33155290.0
Apple,2024-12-12,246.89,248.74,245.68,247.96,32777532.0
Apple,2024-12-11,247.96,250.8,246.2601,246.49,45205814.0
Apple,2024-12-10,246.89,248.21,245.34,247.77,36914806.0
Google,2025-05-06,163.96,166.74,163.13,165.2,10691949.0
Google,2025-05-05,164.515,167.1,164.47,166.05,15309343.0
Google,2025-05-02,164.955,166.7,163.66,165.81,16844937.0
Google,2025-05-01,162.52,163.94,160.93,162.79,21904291.0
Google,2025-04-30,159.86,161.374,157.155,160.89,20639520.0
Google,2025-04-29,162.045,162.68,159.39,162.06,15955215.0
Google,2025-04-28,164.26,164.95,160.3801,162.42,20871153.0
Google,2025-04-25,167.1,168.24,163.0,163.85,35148053.0
Google,2025-04-24,158.525,161.71,158.09,161.47,30787481.0
Google,2025-04-23,157.91,160.02,156.35,157.72,18575735.0
Google,2025-04-22,151.07,154.61,150.87,153.9,15910327.0
Google,2025-04-21,150.965,151.06,148.4,149.86,16147780.0
Google,2025-04-17,156.61,157.07,150.9,153.36,19513408.0
Google,2025-04-16,155.47,158.18,153.91,155.5,16921497.0
Google,2025-04-15,161.57,162.05,157.645,158.68,15690783.0
Google,2025-04-14,162.31,164.03,159.92,161.47,18255931.0
Google,2025-04-11,155.585,159.86,155.585,159.4,22581989.0
Google,2025-04-10,158.76,160.03,152.2,155.37,35270540.0
Google,2025-04-09,146.33,161.87,145.81,161.06,46479542.0
Google,2025-04-08,153.575,154.44,145.21,146.58,35304388.0
Google,2025-04-07,143.39,154.93,142.66,149.24,47823024.0
Google,2025-04-04,149.9,153.09,147.54,147.74,39832207.0
Google,2025-04-03,152.835,154.6872,152.18,152.63,28416065.0
Google,2025-04-02,156.96,160.275,156.53,158.86,17113321.0
Google,2025-04-01,155.3,160.08,155.255,158.88,20111376.0
Google,2025-03-31,154.81,157.13,152.21,156.23,33591554.0
Google,2025-03-28,162.36,163.81,155.3394,156.06,34866462.0
Google,2025-03-27,166.71,167.44,163.85,164.08,21571174.0
Google,2025-03-26,171.3,171.9396,166.8606,167.14,22554236.0
Google,2025-03-25,171.18,172.91,170.55,172.79,13841592.0
Google,2025-03-24,169.265,170.5,167.44,169.93,18742848.0
Google,2025-03-21,163.38,166.47,163.03,166.25,29882064.0
Google,2025-03-20,163.825,167.03,163.14,165.05,19981512.0
Google,2025-03-19,163.915,168.1334,163.05,166.28,24955717.0
Google,2025-03-18,165.96,166.44,158.8,162.67,24616784.0
Google,2025-03-17,167.325,168.46,165.81,166.57,17839139.0
Google,2025-03-14,165.315,168.25,164.51,167.62,18611094.0
Google,2025-03-13,167.98,168.12,164.07,164.73,15206165.0
Google,2025-03-12,168.47,169.53,165.48,169.0,19880062.0
Google,2025-03-11,166.68,168.655,163.24,165.98,23705899.0
Google,2025-03-10,170.16,170.45,165.565,167.81,28335500.0
Google,2025-03-07,173.242,176.9,172.25,175.75,16395287.0
Google,2025-03-06,172.55,176.73,172.508,174.21,19082404.0
Google,2025-03-05,172.32,175.75,170.93,174.99,18848036.0
Google,2025-03-04,167.94,175.165,167.54,172.61,30711408.0
Google,2025-03-03,173.73,175.0,167.64,168.66,24121991.0
Google,2025-02-28,170.3,172.5,168.39,172.22,30049812.0
Google,2025-02-27,175.94,176.59,169.752,170.21,25930530.0
Google,2025-02-26,176.945,178.08,173.59,174.7,23693251.0
Google,2025-02-25,180.155,180.76,176.77,177.37,20832485.0
Google,2025-02-24,183.8,185.09,180.88,181.19,18734014.0
Google,2025-02-21,187.29,187.47,181.13,181.58,19520782.0
Google,2025-02-20,186.5,187.12,184.6,186.64,12063807.0
Google,2025-02-19,186.185,187.36,185.5,187.13,13120465.0
Google,2025-02-18,187.44,187.78,183.58,185.8,19796028.0
Google,2025-02-14,186.83,188.15,186.11,186.87,12714154.0
Google,2025-02-13,185.93,187.99,184.88,187.88,12729334.0
Google,2025-02-12,185.23,186.83,183.63,185.43,17632314.0
Google,2025-02-11,186.835,188.8,186.08,187.07,13028100.0
Google,2025-02-10,189.06,189.99,187.61,188.2,16606020.0
Google,2025-02-07,192.74,193.015,185.1,187.14,29565724.0
Google,2025-02-06,190.99,193.83,190.49,193.31,20816593.0
Google,2025-02-05,193.1,194.5499,189.91,193.3,43719589.0
Google,2025-02-04,204.5,208.7,204.26,207.71,28285436.0
Google,2025-02-03,202.215,205.22,201.66,202.64,16719469.0
Google,2025-01-31,203.715,207.08,203.58,205.6,17087335.0
Google,2025-01-30,199.76,203.2384,199.4717,202.63,14571479.0
Google,2025-01-29,197.37,198.4595,195.19,197.18,12287818.0
Google,2025-01-28,194.65,197.23,192.61,197.07,15939161.0
Google,2025-01-27,194.19,198.67,192.7,193.77,24970173.0
Google,2025-01-24,199.85,202.57,199.7842,201.9,12732376.0
Google,2025-01-23,199.98,201.94,196.82,199.58,15170838.0
Google,2025-01-22,200.55,202.12,199.2,200.03,15477376.0
Google,2025-01-21,200.51,203.84,199.44,199.63,19005232.0
Google,2025-01-17,198.05,198.81,195.31,197.55,22109129.0
Google,2025-01-16,195.825,196.9799,194.3,194.41,13449581.0
Google,2025-01-15,194.35,197.8,193.33,196.98,12894875.0
Google,2025-01-14,192.5,193.27,189.64,191.05,13651183.0
Google,2025-01-13,191.35,192.49,188.66,192.29,13169060.0
Google,2025-01-10,195.42,197.62,191.6,193.17,20753794.0
Google,2025-01-08,193.95,197.64,193.75,195.39,14335341.0
Google,2025-01-07,198.27,202.14,195.94,196.71,16966760.0
Google,2025-01-06,195.15,199.56,195.06,197.96,19483323.0
Google,2025-01-03,192.725,194.5,191.35,193.13,12874957.0
Google,2025-01-02,191.485,193.2,188.71,190.63,17545162.0
Google,2024-12-31,192.445,193.25,189.58,190.44,14355221.0
Google,2024-12-30,190.865,193.78,190.36,192.69,12209534.0
Google,2024-12-27,196.47,196.8,191.972,194.04,14692994.0
Google,2024-12-26,196.74,198.16,195.87,197.1,7918434.0
Google,2024-12-24,196.17,197.67,195.1979,197.57,6809823.0
Google,2024-12-23,194.03,196.49,191.63,195.99,15235942.0
Google,2024-12-20,187.01,194.1354,186.37,192.96,45319703.0
Google,2024-12-19,193.28,194.6,189.52,189.7,26981196.0
Google,2024-12-18,196.83,198.6899,189.28,190.15,27638416.0
Google,2024-12-17,198.53,202.88,196.69,197.12,24129481.0
Google,2024-12-16,194.365,200.64,194.11,198.16,32248640.0
Google,2024-12-13,192.71,194.34,191.26,191.38,18883217.0
Google,2024-12-12,196.3,196.7053,193.28,193.63,25197757.0
Google,2024-12-11,186.7,196.89,186.26,196.71,41664489.0
Google,2024-12-10,184.535,188.03,182.67,186.53,34317438.0
Microsoft,2025-05-06,432.2,437.73,431.17,433.31,15104204.0
Microsoft,2025-05-05,432.87,439.5,432.11,436.17,20136053.0
Microsoft,2025-05-02,431.74,439.44,429.985,435.28,30757434.0
Microsoft,2025-05-01,431.11,436.99,424.9,425.4,58938100.0
Microsoft,2025-04-30,390.3,396.66,384.44,395.26,36461075.0
Microsoft,2025-04-29,391.3,395.1,390.38,394.04,14973976.0
Microsoft,2025-04-28,391.955,392.74,386.638,391.16,16579430.0
Microsoft,2025-04-25,387.0,392.16,384.6,391.85,18973165.0
Microsoft,2025-04-24,375.695,388.45,375.19,387.3,22232289.0
Microsoft,2025-04-23,376.06,380.39,373.02,374.39,20545526.0
Microsoft,2025-04-22,363.375,367.77,359.8602,366.82,19484993.0
Microsoft,2025-04-21,362.815,364.48,355.67,359.12,20807279.0
Microsoft,2025-04-17,373.745,374.3215,366.89,367.78,21120192.0
Microsoft,2025-04-16,380.67,381.61,368.0,371.61,21967826.0
Microsoft,2025-04-15,388.505,391.89,384.1599,385.73,17199890.0
Microsoft,2025-04-14,393.22,394.65,384.21,387.81,19251172.0
Microsoft,2025-04-11,380.635,390.05,378.89,388.45,23839220.0
Microsoft,2025-04-10,382.06,383.9,367.8,381.35,38024368.0
Microsoft,2025-04-09,353.535,393.225,353.1,390.49,50199696.0
Microsoft,2025-04-08,368.255,373.65,350.25,354.56,35868918.0
Microsoft,2025-04-07,350.88,370.9999,344.79,357.86,50424998.0
Microsoft,2025-04-04,364.125,374.59,359.48,359.84,49209854.0
Microsoft,2025-04-03,374.785,377.48,369.35,373.11,30197997.0
Microsoft,2025-04-02,377.965,385.08,376.62,382.14,16092555.0
Microsoft,2025-04-01,374.65,382.85,373.23,382.19,19689503.0
Microsoft,2025-03-31,372.535,377.07,367.24,375.39,35184676.0
Microsoft,2025-03-28,388.08,389.13,376.93,378.8,21632016.0
Microsoft,2025-03-27,390.13,392.24,387.395,390.58,13766761.0
Microsoft,2025-03-26,395.0,395.31,388.57,389.97,16132906.0
Microsoft,2025-03-25,393.915,396.36,392.64,395.16,15774968.0
Microsoft,2025-03-24,395.4,395.4,389.81,393.08,21004548.0
Microsoft,2025-03-21,383.215,391.74,382.8,391.26,39675928.0
Microsoft,2025-03-20,385.735,391.785,383.28,386.84,18470542.0
Microsoft,2025-03-19,385.525,389.68,384.0,387.82,19185532.0
Microsoft,2025-03-18,387.07,387.37,381.1,383.52,19486850.0
Microsoft,2025-03-17,386.7,392.705,385.57,388.7,22474272.0
Microsoft,2025-03-14,379.775,390.23,379.51,388.56,19952846.0
Microsoft,2025-03-13,383.155,385.32,377.45,378.77,20473017.0
Microsoft,2025-03-12,382.95,385.2165,378.9507,383.27,24253567.0
Microsoft,2025-03-11,379.0,386.0,376.91,380.45,30380177.0
Microsoft,2025-03-10,385.84,386.4,377.22,380.16,32569768.0
Microsoft,2025-03-07,392.32,394.8,385.54,393.31,22034087.0
Microsoft,2025-03-06,394.28,402.15,392.6777,396.89,23304625.0
Microsoft,2025-03-05,389.34,401.67,388.81,401.02,23433132.0
Microsoft,2025-03-04,383.4,392.58,381.0,388.61,29342923.0
Microsoft,2025-03-03,398.82,398.82,386.155,388.49,23007726.0
Microsoft,2025-02-28,392.655,397.63,386.57,396.99,32845658.0
Microsoft,2025-02-27,401.265,405.74,392.17,392.53,21127406.0
Microsoft,2025-02-26,398.01,403.6,394.245,399.73,19618954.0
Microsoft,2025-02-25,401.1,401.915,396.7,397.9,29387402.0
Microsoft,2025-02-24,408.51,409.37,399.32,404.0,26443656.0
Microsoft,2025-02-21,417.335,418.048,407.89,408.21,27524799.0
Microsoft,2025-02-20,415.29,419.31,412.54,416.13,23508728.0
Microsoft,2025-02-19,407.88,415.49,407.65,414.77,24114197.0
Microsoft,2025-02-18,408.0,410.597,406.5,409.64,21423051.0
Microsoft,2025-02-14,407.79,408.91,405.88,408.43,22758464.0
Microsoft,2025-02-13,407.0,411.0,406.36,410.54,23891731.0
Microsoft,2025-02-12,407.21,410.75,404.3673,409.04,19121734.0
Microsoft,2025-02-11,409.64,412.49,409.3,411.44,18140592.0
Microsoft,2025-02-10,413.71,415.4624,410.92,412.22,20817919.0
Microsoft,2025-02-07,416.48,418.65,408.1,409.75,22886844.0
Microsoft,2025-02-06,414.0,418.2,414.0,415.82,16309755.0
Microsoft,2025-02-05,412.35,413.827,410.4,413.29,16336188.0
Microsoft,2025-02-04,412.685,413.9199,409.74,412.37,20532096.0
Microsoft,2025-02-03,411.6,415.41,408.66,410.92,25679149.0
Microsoft,2025-01-31,418.98,420.69,414.91,415.06,34223388.0
Microsoft,2025-01-30,418.77,422.86,413.16,414.99,54586260.0
Microsoft,2025-01-29,446.69,446.88,440.4,442.33,23581370.0
Microsoft,2025-01-28,434.6,448.38,431.38,447.2,23491703.0
Microsoft,2025-01-27,424.01,435.2,423.5,434.56,35647805.0
Microsoft,2025-01-24,445.16,446.65,441.4,444.06,15549453.0
Microsoft,2025-01-23,442.0,446.75,441.5048,446.71,18389270.0
Microsoft,2025-01-22,437.56,447.27,436.0,446.2,27803811.0
Microsoft,2025-01-21,430.2,430.8999,425.595,428.5,26085703.0
Microsoft,2025-01-17,434.085,434.48,428.17,429.03,26197507.0
Microsoft,2025-01-16,428.695,429.49,424.39,424.58,15300023.0
Microsoft,2025-01-15,419.13,428.15,418.265,426.31,19637838.0
Microsoft,2025-01-14,417.81,419.74,410.72,415.67,16935856.0
Microsoft,2025-01-13,415.235,418.5,412.29,417.19,17604780.0
Microsoft,2025-01-10,424.63,424.71,415.02,418.95,20201132.0
Microsoft,2025-01-08,423.46,426.97,421.54,424.56,15054575.0
Microsoft,2025-01-07,429.0,430.65,420.8,422.37,18139065.0
Microsoft,2025-01-06,428.0,434.32,425.4774,427.85,20573648.0
Microsoft,2025-01-03,421.08,424.03,419.54,423.35,16662943.0
Microsoft,2025-01-02,425.53,426.07,414.85,418.58,16896469.0
Microsoft,2024-12-31,426.1,426.73,420.66,421.5,13246509.0
Microsoft,2024-12-30,426.06,427.55,421.9,424.83,13158703.0
Microsoft,2024-12-27,434.6,435.22,426.35,430.53,18117713.0
Microsoft,2024-12-26,439.08,440.94,436.63,438.11,8199927.0
Microsoft,2024-12-24,434.65,439.6,434.19,439.33,7164543.0
Microsoft,2024-12-23,436.74,437.65,432.83,435.25,19152519.0
Microsoft,2024-12-20,433.11,443.74,428.63,436.6,64263694.0
Microsoft,2024-12-19,441.62,443.1834,436.32,437.03,22963681.0
Microsoft,2024-12-18,451.32,452.65,437.02,437.39,24444545.0
Microsoft,2024-12-17,451.01,455.29,449.57,454.46,22733494.0
Microsoft,2024-12-16,447.27,452.18,445.28,451.59,23598834.0
Microsoft,2024-12-13,448.435,451.43,445.58,447.27,20177833.0
Microsoft,2024-12-12,449.11,456.1648,449.11,449.56,20834779.0
Microsoft,2024-12-11,444.05,450.35,444.05,448.99,19200208.0
Microsoft,2024-12-10,444.39,449.62,441.6,443.33,18469459.0
Amazon,2025-05-06,184.57,187.93,183.85,185.01,29314055.0
Amazon,2025-05-05,186.51,188.18,185.53,186.35,35217469.0
Amazon,2025-05-02,191.435,192.88,186.4,189.98,77903487.0
Amazon,2025-05-01,190.63,191.8071,187.5,190.2,74265963.0
Amazon,2025-04-30,182.17,185.05,178.85,184.42,55176543.0
Amazon,2025-04-29,183.99,188.0158,183.68,187.39,41667255.0
Amazon,2025-04-28,190.105,190.22,184.885,187.7,33224732.0
Amazon,2025-04-25,187.62,189.94,185.49,188.99,36414330.0
Amazon,2025-04-24,180.915,186.74,180.18,186.54,43763196.0
Amazon,2025-04-23,183.45,187.38,180.19,180.6,63470149.0
Amazon,2025-04-22,169.845,176.78,169.35,173.18,56607202.0
Amazon,2025-04-21,169.6,169.6,165.285,167.32,48126111.0
Amazon,2025-04-17,176.0,176.21,172.0,172.61,44726453.0
Amazon,2025-04-16,176.29,179.1046,171.41,174.33,51875316.0
Amazon,2025-04-15,181.41,182.35,177.9331,179.59,43641952.0
Amazon,2025-04-14,186.84,187.44,179.23,182.12,48002540.0
Amazon,2025-04-11,179.93,185.86,178.0,184.87,50594339.0
Amazon,2025-04-10,185.44,186.8692,175.8518,181.22,68302045.0
Amazon,2025-04-09,172.115,192.65,169.93,191.1,116804328.0
Amazon,2025-04-08,185.23,185.9,168.57,170.66,87710360.0
Amazon,2025-04-07,162.0,183.4099,161.38,175.26,109327115.0
Amazon,2025-04-04,167.145,178.1436,166.0,171.0,123159359.0
Amazon,2025-04-03,182.995,184.13,176.92,178.41,95553617.0
Amazon,2025-04-02,187.66,198.34,187.66,196.01,53679198.0
Amazon,2025-04-01,187.86,193.93,187.2,192.17,41267315.0
Amazon,2025-03-31,188.19,191.33,184.4,190.26,63547558.0
Amazon,2025-03-28,198.42,199.26,191.881,192.72,52548226.0
Amazon,2025-03-27,200.89,203.79,199.2821,201.36,27317661.0
Amazon,2025-03-26,205.835,206.01,199.925,201.13,32990973.0
Amazon,2025-03-25,203.595,206.21,203.22,205.71,31171161.0
Amazon,2025-03-24,200.0,203.64,199.95,203.26,41625365.0
Amazon,2025-03-21,192.9,196.99,192.52,196.21,60056917.0
Amazon,2025-03-20,193.07,199.32,192.3,194.95,38921113.0
Amazon,2025-03-19,193.38,195.965,191.96,195.54,39442878.0
Amazon,2025-03-18,192.52,194.0,189.38,192.82,40414867.0
Amazon,2025-03-17,198.77,199.0,194.3247,195.74,47341752.0
Amazon,2025-03-14,197.41,198.65,195.32,197.95,38096663.0
Amazon,2025-03-13,198.165,198.8799,191.82,193.89,41270761.0
Amazon,2025-03-12,200.72,201.52,195.29,198.89,43679284.0
Amazon,2025-03-11,193.9,200.18,193.4,196.59,54002880.0
Amazon,2025-03-10,195.6,196.73,190.85,194.54,61829231.0
Amazon,2025-03-07,199.49,202.2653,192.53,199.25,59802821.0
Amazon,2025-03-06,204.4,205.77,198.3015,200.7,49863755.0
Amazon,2025-03-05,204.8,209.98,203.26,208.36,38610085.0
Amazon,2025-03-04,200.11,206.8,197.432,203.8,60853084.0
Amazon,2025-03-03,213.352,214.01,202.55,205.02,42948447.0
Amazon,2025-02-28,208.65,212.62,206.99,212.28,51771737.0
Amazon,2025-02-27,218.35,219.97,208.37,208.74,40548571.0
Amazon,2025-02-26,214.94,218.16,213.09,214.35,39120603.0
Amazon,2025-02-25,211.63,213.34,204.16,212.8,58957977.0
Amazon,2025-02-24,217.45,217.715,212.42,212.71,42387585.0
Amazon,2025-02-21,223.28,223.31,214.74,216.58,55323850.0
Amazon,2025-02-20,224.775,225.13,221.81,222.88,30001665.0
Amazon,2025-02-19,225.52,226.83,223.71,226.63,28566709.0
Amazon,2025-02-18,228.82,229.3,223.72,226.65,42975133.0
Amazon,2025-02-14,229.2,229.89,227.23,228.68,27031084.0
Amazon,2025-02-13,228.85,230.42,227.52,230.37,31346512.0
Amazon,2025-02-12,230.46,231.18,228.16,228.93,32285249.0
Amazon,2025-02-11,231.92,233.44,230.13,232.76,23713726.0
Amazon,2025-02-10,230.545,233.92,229.2,233.14,35419926.0
Amazon,2025-02-07,232.5,234.81,228.06,229.15,77539276.0
Amazon,2025-02-06,238.01,239.6599,236.01,238.83,60897095.0
Amazon,2025-02-05,237.02,238.32,235.2,236.17,38832042.0
Amazon,2025-02-04,239.01,242.52,238.03,242.06,29713812.0
Amazon,2025-02-03,234.06,239.25,232.9,237.42,37285868.0
Amazon,2025-01-31,236.5,240.29,236.41,237.68,36162377.0
Amazon,2025-01-30,237.14,237.95,232.22,234.64,32020728.0
Amazon,2025-01-29,239.015,240.39,236.15,237.07,26091716.0
Amazon,2025-01-28,234.29,241.77,233.98,238.15,41587188.0
Amazon,2025-01-27,226.21,235.61,225.86,235.42,49428332.0
Amazon,2025-01-24,234.5,236.4,232.93,234.85,25890738.0
Amazon,2025-01-23,234.1,235.52,231.51,235.42,26404364.0
Amazon,2025-01-22,232.02,235.44,231.19,235.01,41448217.0
Amazon,2025-01-21,228.9,231.78,226.94,230.71,39951456.0
Amazon,2025-01-17,225.84,226.51,223.08,225.94,42370123.0
Amazon,2025-01-16,224.42,224.65,220.31,220.66,24757276.0
Amazon,2025-01-15,222.83,223.57,220.75,223.35,31291257.0
Amazon,2025-01-14,220.44,221.82,216.2,217.76,24711650.0
Amazon,2025-01-13,218.06,219.4,216.47,218.46,27262655.0
Amazon,2025-01-10,221.46,221.71,216.5,218.94,36811525.0
Amazon,2025-01-08,223.185,223.52,220.2,222.13,25033292.0
Amazon,2025-01-07,227.9,228.381,221.46,222.11,28084164.0
Amazon,2025-01-06,226.78,228.835,224.84,227.61,31849831.0
Amazon,2025-01-03,222.505,225.36,221.62,224.19,27515606.0
Amazon,2025-01-02,222.03,225.15,218.19,220.22,33956579.0
Amazon,2024-12-31,222.965,223.2299,218.94,219.39,24819655.0
Amazon,2024-12-30,220.06,222.9972,218.43,221.3,28321240.0
Amazon,2024-12-27,225.6,226.03,220.9,223.75,27367147.0
Amazon,2024-12-26,228.5,228.5,226.6706,227.05,16174500.0
Amazon,2024-12-24,226.94,229.14,226.13,229.05,15007497.0
Amazon,2024-12-23,225.01,226.88,223.9,225.06,28070007.0
Amazon,2024-12-20,219.84,226.21,218.73,224.92,88279184.0
Amazon,2024-12-19,224.91,226.09,222.92,223.29,39918739.0
Amazon,2024-12-18,230.77,231.3999,220.11,220.52,43281443.0
Amazon,2024-12-17,232.39,232.73,227.85,231.15,35948131.0
Amazon,2024-12-16,230.23,233.0,228.01,232.93,37552096.0
Amazon,2024-12-13,228.4,230.2,225.8608,227.46,28768080.0
Amazon,2024-12-12,229.83,231.09,227.63,228.97,28204084.0
Amazon,2024-12-11,226.41,231.2,226.26,230.26,35385785.0
Amazon,2024-12-10,226.09,229.06,224.2002,225.04,31199864.0
Meta,2025-05-06,592.525,596.03,586.58,587.31,10600650.0
Meta,2025-05-05,591.22,603.21,588.05,599.27,13887724.0
Meta,2025-05-02,583.455,604.34,578.33,597.02,24739260.0
Meta,2025-05-01,592.075,592.95,570.5,572.21,31159033.0
Meta,2025-04-30,538.4,549.1,529.5,549.0,29243971.0
Meta,2025-04-29,546.0,556.5699,544.12,554.44,11835036.0
Meta,2025-04-28,555.64,558.4899,540.59,549.74,15178995.0
Meta,2025-04-25,546.8,549.86,536.25,547.27,17098921.0
Meta,2025-04-24,518.73,533.9,517.5,533.15,13910011.0
Meta,2025-04-23,528.525,535.3376,516.52,520.27,18173910.0
Meta,2025-04-22,491.87,506.88,486.36,500.28,17399408.0
Meta,2025-04-21,491.325,493.5,479.8,484.66,16165982.0
Meta,2025-04-17,505.25,507.3,498.0133,501.48,14593508.0
Meta,2025-04-16,508.51,513.37,495.63,502.31,18735075.0
Meta,2025-04-15,532.105,537.94,517.5,521.52,15558659.0
Meta,2025-04-14,556.175,557.77,528.28,531.48,14130928.0
Meta,2025-04-11,535.505,547.4,528.5901,543.57,17642327.0
Meta,2025-04-10,575.49,581.3,535.3,546.29,28173491.0
Meta,2025-04-09,509.265,587.89,502.11,585.77,39216578.0
Meta,2025-04-08,543.25,547.43,502.86,510.45,28034211.0
Meta,2025-04-07,485.1,539.37,481.9,516.25,36606136.0
Meta,2025-04-04,506.62,518.0,494.2,504.73,38589814.0
Meta,2025-04-03,546.22,552.5596,530.3,531.62,34777460.0
Meta,2025-04-02,574.91,592.66,573.36,583.93,13470778.0
Meta,2025-04-01,570.84,589.91,570.0,586.0,12836574.0
Meta,2025-03-31,563.5,578.7,553.3,576.36,21124677.0
Meta,2025-03-28,600.31,601.75,573.92,576.74,17602823.0
Meta,2025-03-27,602.0,614.25,600.1,602.58,10436524.0
Meta,2025-03-26,624.89,626.7499,606.61,610.98,12661891.0
Meta,2025-03-25,626.76,633.88,621.18,626.31,15312540.0
Meta,2025-03-24,614.97,622.54,612.2001,618.85,15741274.0
Meta,2025-03-21,583.425,597.545,580.95,596.25,25015864.0
Meta,2025-03-20,582.755,610.2,579.51,586.0,24336505.0
Meta,2025-03-19,584.28,592.3223,574.77,584.06,20537498.0
Meta,2025-03-18,600.05,600.25,574.66,582.36,20297708.0
Meta,2025-03-17,607.46,613.1,598.0,604.9,15473909.0
Meta,2025-03-14,602.805,608.86,594.78,607.6,12364505.0
Meta,2025-03-13,620.245,620.5,586.51,590.64,16480324.0
Meta,2025-03-12,629.9,633.33,609.35,619.56,15746966.0
Meta,2025-03-11,595.055,614.934,593.33,605.71,17401469.0
Meta,2025-03-10,608.07,610.11,586.87,597.99,21395988.0
Meta,2025-03-07,625.37,634.79,600.61,625.66,21375671.0
Meta,2025-03-06,648.0,650.5625,624.11,627.93,13446454.0
Meta,2025-03-05,641.0,659.5,637.66,656.47,13770026.0
Meta,2025-03-04,645.51,649.75,623.65,640.0,21495208.0
Meta,2025-03-03,673.675,681.25,650.8439,655.05,10843763.0
Meta,2025-02-28,658.04,669.63,642.6017,668.2,17534168.0
Meta,2025-02-27,682.45,688.6469,657.57,658.24,12500013.0
Meta,2025-02-26,659.65,683.0078,658.0,673.7,14488705.0
Meta,2025-02-25,665.972,668.0,641.86,657.5,20579662.0
Meta,2025-02-24,686.28,687.27,662.45,668.13,15676994.0
Meta,2025-02-21,696.58,703.87,682.36,683.55,15660355.0
Meta,2025-02-20,697.275,705.63,693.64,694.84,12587408.0
Meta,2025-02-19,704.095,707.0,695.39,703.77,17535480.0
Meta,2025-02-18,736.0,737.0,706.44,716.37,21938703.0
Meta,2025-02-14,726.14,740.91,725.62,736.67,16901249.0
Meta,2025-02-13,721.5197,729.0,718.04,728.56,12569064.0
Meta,2025-02-12,715.3,727.1,712.6,725.38,12016517.0
Meta,2025-02-11,713.32,723.66,710.04,719.8,12997959.0
Meta,2025-02-10,718.56,721.2,711.33,717.4,12904317.0
Meta,2025-02-07,716.795,725.01,711.75,714.52,16427067.0
Meta,2025-02-06,705.88,718.9,703.5,711.99,13080690.0
Meta,2025-02-05,703.55,718.14,699.01,704.87,17793766.0
Meta,2025-02-04,702.5,707.71,691.61,704.19,13826270.0
Meta,2025-02-03,675.91,704.0,675.25,697.46,21415739.0
Meta,2025-01-31,691.0,705.2999,685.58,689.18,19331660.0
Meta,2025-01-30,696.82,710.79,676.1,687.0,29322898.0
Meta,2025-01-29,675.0,681.0459,665.67,676.49,21377820.0
Meta,2025-01-28,666.0,682.58,659.465,674.33,20950107.0
Meta,2025-01-27,626.61,663.87,625.1,659.88,28399190.0
Meta,2025-01-24,636.4,652.0,634.2,647.49,19065329.0
Meta,2025-01-23,627.36,636.6,621.15,636.45,9910163.0
Meta,2025-01-22,623.3,633.7,619.435,623.5,12274011.0
Meta,2025-01-21,617.825,621.5,609.0082,616.46,11674016.0
Meta,2025-01-17,624.05,624.97,603.67,612.77,17280600.0
Meta,2025-01-16,611.5,616.25,609.71,611.3,8355349.0
Meta,2025-01-15,610.21,622.46,606.5,617.12,15524302.0
Meta,2025-01-14,605.065,605.49,588.55,594.25,13597992.0
Meta,2025-01-13,607.1,608.97,598.445,608.33,10785031.0
Meta,2025-01-10,610.03,629.91,597.34,615.86,19256564.0
Meta,2025-01-08,613.395,616.4397,602.79,610.72,10085846.0
Meta,2025-01-07,631.7,632.1011,608.23,617.89,12071479.0
Meta,2025-01-06,611.825,630.99,605.62,630.2,14560754.0
Meta,2025-01-03,604.76,609.5,596.4136,604.63,11436784.0
Meta,2025-01-02,589.72,604.91,587.82,599.24,12682269.0
Meta,2024-12-31,592.265,593.97,583.85,585.51,6019520.0
Meta,2024-12-30,588.75,596.9399,585.58,591.24,7025864.0
Meta,2024-12-27,599.41,601.85,589.8,599.81,8084229.0
Meta,2024-12-26,605.48,606.3,598.94,603.35,6091239.0
Meta,2024-12-24,602.715,607.99,599.2849,607.75,4726056.0
Meta,2024-12-23,589.6,601.09,586.25,599.85,10205750.0
Meta,2024-12-20,590.58,603.11,580.0,585.25,48989390.0
Meta,2024-12-19,610.39,611.52,595.0,595.57,14958082.0
Meta,2024-12-18,621.0,627.36,596.32,597.19,17075480.0
Meta,2024-12-17,626.17,632.37,616.54,619.44,12897842.0
Meta,2024-12-16,629.975,631.15,618.58,624.24,10885625.0
Meta,2024-12-13,627.22,631.08,616.886,620.35,8453349.0
Meta,2024-12-12,631.5,636.6599,627.2094,630.79,7474717.0
Meta,2024-12-11,623.37,638.4,621.5349,632.68,10837228.0
Meta,2024-12-10,617.56,625.59,612.74,619.32,10938854.0
Nvidia,2025-05-06,111.48,114.74,110.822,113.54,158525621.0
Nvidia,2025-05-05,112.905,114.665,112.66,113.82,133163241.0
Nvidia,2025-05-02,114.18,115.4,113.37,114.5,190194778.0
Nvidia,2025-05-01,113.08,114.94,111.3,111.61,236121507.0
Nvidia,2025-04-30,104.47,108.92,104.08,108.92,235044611.0
Nvidia,2025-04-29,107.67,110.1999,107.44,109.02,170444263.0
Nvidia,2025-04-28,109.69,110.3699,106.02,108.73,207708479.0
Nvidia,2025-04-25,106.85,111.92,105.73,111.01,251064672.0
Nvidia,2025-04-24,103.475,106.54,103.11,106.43,220815041.0
Nvidia,2025-04-23,104.52,104.8,102.02,102.71,247525971.0
Nvidia,2025-04-22,98.78,99.811,97.28,98.89,241004784.0
Nvidia,2025-04-21,98.77,99.44,95.04,96.91,288501136.0
Nvidia,2025-04-17,104.45,104.47,100.05,101.49,292517465.0
Nvidia,2025-04-16,104.55,106.79,100.45,104.49,397016870.0
Nvidia,2025-04-15,110.97,113.615,110.5,112.2,228966900.0
Nvidia,2025-04-14,114.11,114.29,109.07,110.71,264705049.0
Nvidia,2025-04-11,108.5,111.5499,107.48,110.93,313417265.0
Nvidia,2025-04-10,109.37,110.86,99.15,107.57,437812353.0
Nvidia,2025-04-09,98.89,115.1,97.5301,114.33,612918336.0
Nvidia,2025-04-08,103.805,105.85,94.46,96.3,476243392.0
Nvidia,2025-04-07,87.46,101.75,86.62,97.64,611041347.0
Nvidia,2025-04-04,98.91,100.13,92.11,94.31,532273810.0
Nvidia,2025-04-03,103.51,105.63,101.6,101.8,338769412.0
Nvidia,2025-04-02,107.29,111.98,106.79,110.42,220601243.0
Nvidia,2025-04-01,108.515,110.2,106.47,110.15,222614034.0
Nvidia,2025-03-31,105.13,110.955,103.65,108.38,299212653.0
Nvidia,2025-03-28,111.485,112.87,109.0701,109.67,229872549.0
Nvidia,2025-03-27,111.35,114.45,110.66,111.43,236902055.0
Nvidia,2025-03-26,118.73,118.84,112.71,113.76,296431667.0
Nvidia,2025-03-25,120.545,121.29,118.92,120.69,167447198.0
Nvidia,2025-03-24,119.88,122.22,119.34,121.41,228452534.0
Nvidia,2025-03-21,116.94,117.99,115.42,117.7,266498528.0
Nvidia,2025-03-20,116.55,120.2,116.47,118.53,248829749.0
Nvidia,2025-03-19,117.27,120.445,115.68,117.52,273426225.0
Nvidia,2025-03-18,118.0,119.02,114.54,115.43,299686944.0
Nvidia,2025-03-17,122.74,122.89,118.03,119.53,255501481.0
Nvidia,2025-03-14,118.61,121.88,118.15,121.67,277593455.0
Nvidia,2025-03-13,117.03,117.76,113.79,115.58,299033131.0
Nvidia,2025-03-12,114.12,116.76,112.88,115.74,323857454.0
Nvidia,2025-03-11,106.99,112.236,104.77,108.76,354865692.0
Nvidia,2025-03-10,109.9,111.85,105.46,106.98,361107562.0
Nvidia,2025-03-07,111.25,113.48,107.56,112.69,341755468.0
Nvidia,2025-03-06,113.53,115.35,110.22,110.57,321181861.0
Nvidia,2025-03-05,117.58,118.2781,114.51,117.3,284337886.0
Nvidia,2025-03-04,110.645,119.31,110.11,115.99,398163305.0
Nvidia,2025-03-03,123.51,123.7,112.28,114.06,411381373.0
Nvidia,2025-02-28,118.02,125.09,116.4,124.92,389091145.0
Nvidia,2025-02-27,135.0,135.01,120.01,120.15,443175846.0
Nvidia,2025-02-26,129.985,133.73,128.49,131.28,322553814.0
Nvidia,2025-02-25,129.98,130.2,124.44,126.63,271428711.0
Nvidia,2025-02-24,136.56,138.59,130.08,130.28,251381137.0
Nvidia,2025-02-21,140.04,141.46,134.03,134.43,228217585.0
Nvidia,2025-02-20,140.03,140.66,136.7901,140.11,143903583.0
Nvidia,2025-02-19,139.51,141.36,137.22,139.23,167536006.0
Nvidia,2025-02-18,141.27,143.44,137.925,139.4,219176627.0
Nvidia,2025-02-14,136.48,139.25,135.5,138.85,195479557.0
Nvidia,2025-02-13,131.555,136.5,131.17,135.29,197429975.0
Nvidia,2025-02-12,130.02,132.24,129.08,131.14,160278552.0
Nvidia,2025-02-11,132.58,134.48,131.02,132.8,178902379.0
Nvidia,2025-02-10,130.09,135.0,129.96,133.57,216989086.0
Nvidia,2025-02-07,129.22,130.37,125.0,129.84,228186298.0
Nvidia,2025-02-06,127.42,128.77,125.21,128.68,251483574.0
Nvidia,2025-02-05,121.76,125.0,120.76,124.83,263110629.0
Nvidia,2025-02-04,116.96,121.2,116.7,118.65,256550040.0
Nvidia,2025-02-03,114.75,118.57,113.01,116.66,371235677.0
Nvidia,2025-01-31,123.78,127.85,119.19,120.07,390372899.0
Nvidia,2025-01-30,123.1,125.0,118.1,124.65,392925469.0
Nvidia,2025-01-29,126.5,126.89,120.05,123.7,467120640.0
Nvidia,2025-01-28,121.81,129.0,116.25,128.99,579666350.0
Nvidia,2025-01-27,124.8,128.4,116.7,118.42,818830895.0
Nvidia,2025-01-24,148.37,148.97,141.88,142.62,234657635.0
Nvidia,2025-01-23,145.05,147.23,143.72,147.22,155915549.0
Nvidia,2025-01-22,144.66,147.79,143.67,147.07,237651395.0
Nvidia,2025-01-21,139.16,141.83,137.09,140.83,197748985.0
Nvidia,2025-01-17,136.69,138.5,135.4649,137.71,201188760.0
Nvidia,2025-01-16,138.64,138.75,133.49,133.57,209235583.0
Nvidia,2025-01-15,133.65,136.45,131.29,136.24,185217338.0
Nvidia,2025-01-14,136.05,136.38,130.05,131.76,195590485.0
Nvidia,2025-01-13,129.99,133.49,129.51,133.23,204808914.0
Nvidia,2025-01-10,137.45,139.92,134.22,135.91,207602514.0
Nvidia,2025-01-08,142.58,143.95,137.56,140.11,227349948.0
Nvidia,2025-01-07,153.03,153.13,140.01,140.14,351782174.0
Nvidia,2025-01-06,148.59,152.156,147.8201,149.43,265377359.0
Nvidia,2025-01-03,140.01,144.9,139.73,144.47,229322478.0
Nvidia,2025-01-02,136.0,138.88,134.63,138.31,198247166.0
Nvidia,2024-12-31,138.03,138.07,133.83,134.29,155659211.0
Nvidia,2024-12-30,134.83,140.27,134.02,137.49,167734700.0
Nvidia,2024-12-27,138.55,139.02,134.71,137.01,170582603.0
Nvidia,2024-12-26,139.7,140.85,137.73,139.93,116519090.0
Nvidia,2024-12-24,140.0,141.9,138.65,140.22,105156989.0
Nvidia,2024-12-23,136.28,139.79,135.1201,139.67,176053506.0
Nvidia,2024-12-20,129.81,135.28,128.22,134.7,306528553.0
Nvidia,2024-12-19,131.76,134.03,129.55,130.68,209719210.0
Nvidia,2024-12-18,133.86,136.7,128.28,128.91,277444533.0
Nvidia,2024-12-17,129.09,131.59,126.86,130.39,259410263.0
Nvidia,2024-12-16,134.18,134.4,130.42,132.0,237951130.0
Nvidia,2024-12-13,138.94,139.6,132.54,134.25,231514881.0
Nvidia,2024-12-12,137.08,138.44,135.8,137.34,159211393.0
Nvidia,2024-12-11,137.36,140.17,135.21,139.31,184905192.0
Nvidia,2024-12-10,139.01,141.82,133.79,135.07,210020888.0
Tesla,2025-05-06,273.105,277.73,271.35,275.35,76715792.0
Tesla,2025-05-05,284.57,284.849,274.4,280.26,94618882.0
Tesla,2025-05-02,284.9,294.78,279.81,287.21,114454683.0
Tesla,2025-05-01,280.01,290.8688,279.81,280.52,99658974.0
Tesla,2025-04-30,279.9,284.45,270.78,282.16,128961057.0
Tesla,2025-04-29,285.5,293.32,279.4695,292.03,108906553.0
Tesla,2025-04-28,288.98,294.86,272.42,285.88,151731771.0
Tesla,2025-04-25,261.69,286.85,259.63,284.95,167560688.0
Tesla,2025-04-24,250.5,259.54,249.2,259.51,94464195.0
Tesla,2025-04-23,254.86,259.4499,244.43,250.74,150381903.0
Tesla,2025-04-22,230.96,242.79,229.8501,237.97,120858452.0
Tesla,2025-04-21,230.26,232.21,222.79,227.5,97768007.0
Tesla,2025-04-17,243.47,244.34,237.6833,241.37,83404775.0
Tesla,2025-04-16,247.61,251.97,233.89,241.55,112378737.0
Tesla,2025-04-15,249.91,258.75,247.54,254.11,79594318.0
Tesla,2025-04-14,258.36,261.8,245.93,252.35,100135241.0
Tesla,2025-04-11,251.84,257.74,241.3629,252.31,128948085.0
Tesla,2025-04-10,260.0,262.49,239.33,252.4,181722604.0
Tesla,2025-04-09,224.69,274.69,223.88,272.2,219433373.0
Tesla,2025-04-08,245.0,250.44,217.8,221.86,171603472.0
Tesla,2025-04-07,223.78,252.0,214.25,233.29,183453776.0
Tesla,2025-04-04,255.38,261.0,236.0,239.43,181229353.0
Tesla,2025-04-03,265.29,276.3,261.51,267.28,136174291.0
Tesla,2025-04-02,254.6,284.99,251.27,282.76,212787817.0
Tesla,2025-04-01,263.8,277.45,259.25,268.46,146486911.0
Tesla,2025-03-31,249.31,260.56,243.3601,259.16,134008936.0
Tesla,2025-03-28,275.575,276.1,260.57,263.55,123809389.0
Tesla,2025-03-27,272.48,291.85,271.8216,273.13,162572146.0
Tesla,2025-03-26,282.66,284.9,266.51,272.06,156254441.0
Tesla,2025-03-25,283.6,288.2,271.28,288.14,150361538.0
Tesla,2025-03-24,258.075,278.64,256.33,278.39,169079865.0
Tesla,2025-03-21,234.985,249.52,234.55,248.71,132728684.0
Tesla,2025-03-20,233.345,238.0,230.0501,236.26,99028270.0
Tesla,2025-03-19,231.61,241.41,229.201,235.86,111993753.0
Tesla,2025-03-18,228.155,230.1,222.28,225.31,111477636.0
Tesla,2025-03-17,245.055,245.4,232.8,238.01,111900565.0
Tesla,2025-03-14,247.31,251.58,240.73,249.98,100242264.0
Tesla,2025-03-13,248.125,248.29,232.6,240.68,114813525.0
Tesla,2025-03-12,247.22,251.84,241.1,248.09,142215681.0
Tesla,2025-03-11,225.305,237.0649,217.02,230.58,174896415.0
Tesla,2025-03-10,252.54,253.37,220.0,222.15,185037825.0
Tesla,2025-03-07,259.32,266.2499,250.73,262.67,102369640.0
Tesla,2025-03-06,272.06,272.65,260.02,263.45,98451566.0
Tesla,2025-03-05,272.92,279.55,267.71,279.1,94042913.0
Tesla,2025-03-04,270.93,284.35,261.8401,272.04,126706623.0
Tesla,2025-03-03,300.34,303.94,277.3,284.65,115551414.0
Tesla,2025-02-28,279.5,293.88,273.6,292.98,115696968.0
Tesla,2025-02-27,291.16,297.23,280.88,281.95,101748197.0
Tesla,2025-02-26,303.715,309.0,288.04,290.8,100118276.0
Tesla,2025-02-25,327.025,328.89,297.2512,302.8,134228777.0
Tesla,2025-02-24,338.14,342.3973,324.7,330.53,76052321.0
Tesla,2025-02-21,353.44,354.98,334.42,337.8,74058648.0
Tesla,2025-02-20,361.51,362.3,348.0,354.4,45965354.0
Tesla,2025-02-19,354.0,367.34,353.67,360.56,67094374.0
Tesla,2025-02-18,355.01,359.1,350.02,354.11,51631702.0
Tesla,2025-02-14,360.62,362.0,347.5,355.84,68277279.0
Tesla,2025-02-13,345.0,358.69,342.85,355.94,89441519.0
Tesla,2025-02-12,329.94,346.4,329.12,336.51,105382729.0
Tesla,2025-02-11,345.8,349.37,325.1,328.5,118543400.0
Tesla,2025-02-10,356.21,362.7,350.51,350.73,77514903.0
Tesla,2025-02-07,370.19,380.5459,360.34,361.62,70298258.0
Tesla,2025-02-06,373.03,375.4,363.18,374.32,77918230.0
Tesla,2025-02-05,387.51,388.39,375.53,378.17,57614721.0
Tesla,2025-02-04,382.63,394.0,381.4,392.21,57072235.0
Tesla,2025-02-03,386.68,389.17,374.36,383.68,93732122.0
Tesla,2025-01-31,401.53,419.99,401.34,404.6,83568219.0
Tesla,2025-01-30,410.78,412.5,384.41,400.28,98092879.0
Tesla,2025-01-29,395.21,398.5899,384.48,389.1,68033648.0
Tesla,2025-01-28,396.91,400.59,386.5,398.09,48910676.0
Tesla,2025-01-27,394.8,406.69,389.0,397.15,58125510.0
Tesla,2025-01-24,414.45,418.88,405.78,406.58,56427149.0
Tesla,2025-01-23,416.06,420.73,408.95,412.38,50690592.0
Tesla,2025-01-22,416.81,428.0,414.59,415.11,60963342.0
Tesla,2025-01-21,432.64,433.2,406.31,424.07,87320894.0
Tesla,2025-01-17,421.5,439.74,419.75,426.5,94991429.0
Tesla,2025-01-16,423.49,424.0,409.13,413.82,68335151.0
Tesla,2025-01-15,409.9,429.8,405.661,428.22,81375460.0
Tesla,2025-01-14,414.34,422.64,394.54,396.36,84565022.0
Tesla,2025-01-13,383.21,403.79,380.07,403.31,67580494.0
Tesla,2025-01-10,391.4,399.28,377.29,394.74,62287333.0
Tesla,2025-01-08,392.95,402.4999,387.4,394.94,73038805.0
Tesla,2025-01-07,405.83,414.33,390.0,394.36,75699525.0
Tesla,2025-01-06,423.2,426.43,401.7,411.05,85516534.0
Tesla,2025-01-03,381.48,411.8799,379.45,410.44,95423329.0
Tesla,2025-01-02,390.1,392.7299,373.04,379.28,109710749.0
Tesla,2024-12-31,423.79,427.93,402.54,403.84,76825121.0
Tesla,2024-12-30,419.4,427.0,415.75,417.41,64941012.0
Tesla,2024-12-27,449.52,450.0,426.5,431.66,82666821.0
Tesla,2024-12-26,465.16,465.3299,451.02,454.13,76651210.0
Tesla,2024-12-24,435.9,462.78,435.14,462.28,59551750.0
Tesla,2024-12-23,431.0,434.51,415.4112,430.6,72698055.0
Tesla,2024-12-20,425.505,447.08,417.64,421.06,132216176.0
Tesla,2024-12-19,451.88,456.36,420.02,436.17,118566146.0
Tesla,2024-12-18,466.495,488.5399,427.01,440.13,149340788.0
Tesla,2024-12-17,475.9,483.99,457.5101,479.86,131222978.0
Tesla,2024-12-16,441.09,463.19,436.15,463.02,114083811.0
Tesla,2024-12-13,420.0,436.3,415.71,436.23,89000158.0
Tesla,2024-12-12,424.84,429.3,415.0,418.1,87752225.0
Tesla,2024-12-11,409.7,424.88,402.38,424.77,104287559.0
Tesla,2024-12-10,392.68,409.73,390.85,400.99,97563578.0
Netflix,2025-05-06,1129.43,1147.66,1126.4,1137.69,3256682.0
Netflix,2025-05-05,1114.795,1144.02,1107.01,1134.06,5662317.0
Netflix,2025-05-02,1136.66,1159.44,1133.32,1156.49,3774282.0
Netflix,2025-05-01,1122.52,1142.42,1111.8301,1133.47,3499497.0
Netflix,2025-04-30,1112.65,1133.2005,1101.1101,1131.72,4266676.0
Netflix,2025-04-29,1103.92,1127.81,1095.48,1125.64,3777329.0
Netflix,2025-04-28,1100.0,1114.0,1082.62,1110.38,3831088.0
Netflix,2025-04-25,1097.04,1106.7984,1091.0001,1101.53,3950008.0
Netflix,2025-04-24,1048.0,1101.0,1047.02,1096.87,6381896.0
Netflix,2025-04-23,1047.225,1061.25,1032.0001,1049.59,6471876.0
Netflix,2025-04-22,1005.3,1064.97,1004.52,1040.34,9368873.0
Netflix,2025-04-21,984.4,1018.9999,973.05,987.91,9775747.0
Netflix,2025-04-17,969.0,984.7015,956.0,973.03,8893735.0
Netflix,2025-04-16,976.28,981.21,949.165,961.63,6066113.0
Netflix,2025-04-15,950.0,993.4499,948.0,976.28,7711982.0
Netflix,2025-04-14,932.7,948.98,919.4979,931.28,4035895.0
Netflix,2025-04-11,920.0,944.8599,906.68,918.29,4073638.0
Netflix,2025-04-10,931.94,941.235,894.0,921.17,5129755.0
Netflix,2025-04-09,855.93,951.43,854.4,945.47,7497974.0
Netflix,2025-04-08,912.44,922.42,857.7,870.4,5625382.0
Netflix,2025-04-07,827.845,906.74,821.1,867.83,6656823.0
Netflix,2025-04-04,896.5,906.6282,853.87,855.86,6798806.0
Netflix,2025-04-03,901.8,946.5919,900.47,917.05,5864622.0
Netflix,2025-04-02,923.0,949.5479,916.11,935.52,3256886.0
Netflix,2025-04-01,927.5,932.29,911.5,928.38,3519956.0
Netflix,2025-03-31,920.53,934.48,900.59,932.53,4634075.0
Netflix,2025-03-28,972.0,974.98,929.23,933.85,4422717.0
Netflix,2025-03-27,974.22,989.0,966.3664,976.72,3047237.0
Netflix,2025-03-26,993.81,996.79,966.32,970.65,3534707.0
Netflix,2025-03-25,978.18,998.7,977.11,997.28,3782245.0
Netflix,2025-03-24,969.67,977.0,951.55,971.99,4677871.0
Netflix,2025-03-21,941.635,963.6532,940.95,960.29,5905429.0
Netflix,2025-03-20,950.01,967.0,945.5,950.84,4466305.0
Netflix,2025-03-19,935.77,968.0,924.0,959.49,6662361.0
Netflix,2025-03-18,940.0,948.2499,916.3,929.98,6009400.0
Netflix,2025-03-17,939.95,967.63,934.42,950.02,7543146.0
Netflix,2025-03-14,901.46,919.625,901.0,918.0,5200684.0
Netflix,2025-03-13,913.0,921.8892,887.51,890.17,5001698.0
Netflix,2025-03-12,914.6,927.18,901.0,919.68,6865837.0
Netflix,2025-03-11,867.41,910.68,866.0,895.1,7398934.0
Netflix,2025-03-10,875.07,881.27,854.5,866.68,6951652.0
Netflix,2025-03-07,897.64,904.8859,858.07,891.11,7737488.0
Netflix,2025-03-06,972.99,973.69,899.0,906.36,7852559.0
Netflix,2025-03-05,973.62,995.5999,969.48,990.92,3807935.0
Netflix,2025-03-04,971.61,986.3135,948.21,972.58,4392814.0
Netflix,2025-03-03,983.0,994.93,964.81,973.7,3907447.0
Netflix,2025-02-28,969.56,982.27,958.17,980.56,4717409.0
Netflix,2025-02-27,995.0,1000.7255,961.825,963.07,3766566.0
Netflix,2025-02-26,977.6,1000.89,976.9,990.06,3397205.0
Netflix,2025-02-25,989.4,994.3999,955.0,977.24,4738304.0
Netflix,2025-02-24,1008.0,1015.17,984.48,988.47,4426227.0
Netflix,2025-02-21,1029.42,1032.38,999.39,1003.15,3738710.0
Netflix,2025-02-20,1042.0,1045.0,1015.5941,1024.54,3111831.0
Netflix,2025-02-19,1035.18,1044.9999,1024.51,1043.33,2600048.0
Netflix,2025-02-18,1060.0,1062.0,1023.749,1035.85,4229339.0
Netflix,2025-02-14,1044.95,1064.5,1041.69,1058.6,3145430.0
Netflix,2025-02-13,1026.625,1045.9899,1025.1,1043.69,3476068.0
Netflix,2025-02-12,1005.49,1027.74,998.3473,1027.31,3388966.0
Netflix,2025-02-11,1020.79,1022.69,1002.95,1008.08,3331797.0
Netflix,2025-02-10,1023.05,1032.85,1015.88,1027.6,3296566.0
Netflix,2025-02-07,1017.0,1027.76,1005.6701,1013.93,3212853.0
Netflix,2025-02-06,1007.87,1016.35,1002.61,1015.68,3134293.0
Netflix,2025-02-05,987.73,1011.825,986.68,1011.11,3997733.0
Netflix,2025-02-04,980.47,1008.0,978.51,994.87,6000137.0
Netflix,2025-02-03,973.0,987.6891,964.375,978.94,3724197.0
Netflix,2025-01-31,974.0,990.2892,974.0,976.76,3618718.0
Netflix,2025-01-30,986.75,994.59,970.0101,973.24,3867825.0
Netflix,2025-01-29,980.0,987.64,968.2345,978.15,2930728.0
Netflix,2025-01-28,966.71,977.934,957.3,971.83,3433972.0
Netflix,2025-01-27,971.1,982.27,960.26,971.89,4634204.0
Netflix,2025-01-24,984.41,986.28,967.68,977.59,4550397.0
Netflix,2025-01-23,957.81,985.0,953.9,984.86,7752137.0
Netflix,2025-01-22,998.025,999.0,950.76,953.99,14273205.0
Netflix,2025-01-21,863.53,916.4,854.745,869.68,9851351.0
Netflix,2025-01-17,859.79,865.0,852.13,858.1,3617565.0
Netflix,2025-01-16,860.96,868.98,842.02,842.37,4028537.0
Netflix,2025-01-15,836.44,850.84,830.41,848.26,3181383.0
Netflix,2025-01-14,843.2,844.8925,823.519,828.4,3037650.0
Netflix,2025-01-13,831.525,847.07,829.14,840.29,3024517.0
Netflix,2025-01-10,866.4,866.41,834.4,837.69,4803312.0
Netflix,2025-01-08,880.0,886.215,873.0,875.0,2347949.0
Netflix,2025-01-07,879.38,888.0,869.11,879.19,2649823.0
Netflix,2025-01-06,888.76,892.83,871.69,881.79,3457656.0
Netflix,2025-01-03,893.13,898.83,879.8901,881.05,2970019.0
Netflix,2025-01-02,895.5,898.58,877.0,886.73,2315685.0
Netflix,2024-12-31,901.8,902.68,889.47,891.32,1875897.0
Netflix,2024-12-30,894.51,908.2299,889.71,900.43,2202970.0
Netflix,2024-12-27,916.01,918.13,894.5,907.55,3226158.0
Netflix,2024-12-26,928.4,930.49,915.3,924.14,2342418.0
Netflix,2024-12-24,915.0,935.85,911.7,932.12,2320293.0
Netflix,2024-12-23,913.42,915.0,899.1001,911.45,2339375.0
Netflix,2024-12-20,893.21,919.9238,890.4872,909.05,4530519.0
Netflix,2024-12-19,908.18,912.6215,899.0,902.04,2815512.0
Netflix,2024-12-18,919.13,922.44,886.56,889.55,2938194.0
Netflix,2024-12-17,921.54,928.45,916.42,919.13,2459456.0
Netflix,2024-12-16,923.94,928.94,919.5,921.08,2674892.0
Netflix,2024-12-13,916.81,925.55,909.61,918.87,2485829.0
Netflix,2024-12-12,933.35,934.0886,922.6,925.55,2486197.0
Netflix,2024-12-11,924.71,941.75,923.08,936.56,3501691.0
Netflix,2024-12-10,913.76,922.88,909.58,913.35,2388575.0
AMD,2025-05-06,98.41,100.07,97.44,98.62,54264254.0
AMD,2025-05-05,99.0,102.05,98.76,100.59,41268886.0
AMD,2025-05-02,98.4,99.88,98.3,98.8,29957888.0
AMD,2025-05-01,99.265,100.1,96.45,96.65,29591507.0
AMD,2025-04-30,92.81,97.55,91.87,97.35,29730729.0
AMD,2025-04-29,95.755,97.1767,95.33,96.06,20700637.0
AMD,2025-04-28,95.575,97.4865,94.27,96.39,30456683.0
AMD,2025-04-25,93.275,97.1,92.85,96.645,28575343.0
AMD,2025-04-24,91.59,94.75,90.37,94.47,33681919.0
AMD,2025-04-23,91.875,93.74,90.12,90.39,41102589.0
AMD,2025-04-22,86.12,87.17,85.17,86.26,35236735.0
AMD,2025-04-21,86.015,86.14,83.75,85.56,33855392.0
AMD,2025-04-17,88.84,89.03,86.515,87.5,34801437.0
AMD,2025-04-16,87.61,90.47,85.295,88.29,62109016.0
AMD,2025-04-15,94.66,96.85,94.62,95.29,28116536.0
AMD,2025-04-14,97.11,97.3699,93.45,94.5,36002970.0
AMD,2025-04-11,90.51,94.76,90.5,93.4,57892600.0
AMD,2025-04-10,91.0,92.95,85.06,88.7,65210565.0
AMD,2025-04-09,79.22,97.91,78.87,96.84,97827352.0
AMD,2025-04-08,86.145,88.93,76.48,78.21,69910233.0
AMD,2025-04-07,80.68,89.0,77.75,83.64,70515429.0
AMD,2025-04-04,90.1,91.08,83.67,85.76,65847021.0
AMD,2025-04-03,97.79,99.4499,93.64,93.8,50472542.0
AMD,2025-04-02,101.52,104.185,100.76,102.96,20793989.0
AMD,2025-04-01,102.16,102.83,100.93,102.78,23523230.0
AMD,2025-03-31,100.235,102.82,98.8,102.74,30865342.0
AMD,2025-03-28,105.525,106.51,102.48,103.22,31069114.0
AMD,2025-03-27,106.11,107.62,105.5499,106.65,32773714.0
AMD,2025-03-26,114.11,115.8999,108.68,110.19,39976485.0
AMD,2025-03-25,113.265,114.95,112.71,114.81,29077507.0
AMD,2025-03-24,109.73,114.85,109.4,113.85,53342002.0
AMD,2025-03-21,105.33,107.25,104.33,106.44,30767938.0
AMD,2025-03-20,105.12,108.26,105.12,107.14,26871839.0
AMD,2025-03-19,104.42,107.9,101.96,106.23,32287496.0
AMD,2025-03-18,103.85,104.55,102.97,103.51,27152827.0
AMD,2025-03-17,102.6,106.15,102.6,104.59,43689523.0
AMD,2025-03-14,99.64,101.22,99.58,100.97,24715265.0
AMD,2025-03-13,99.715,100.07,97.27,98.11,28575150.0
AMD,2025-03-12,99.045,101.715,98.17,100.79,34241287.0
AMD,2025-03-11,96.79,98.1599,94.73,96.76,34078300.0
AMD,2025-03-10,98.57,101.29,95.83,96.63,38281746.0
AMD,2025-03-07,98.88,100.65,96.39,100.31,33254367.0
AMD,2025-03-06,99.05,101.08,98.27,98.85,28984978.0
AMD,2025-03-05,100.36,101.84,98.87,101.67,27855488.0
AMD,2025-03-04,96.0,103.18,95.89,100.75,54156941.0
AMD,2025-03-03,101.515,102.34,97.09,98.23,38957988.0
AMD,2025-02-28,99.56,101.8,98.69,99.86,45194576.0
AMD,2025-02-27,105.08,105.76,99.5,99.51,47263727.0
AMD,2025-02-26,104.945,105.7999,103.99,104.74,29178213.0
AMD,2025-02-25,107.885,108.64,103.62,103.96,39169161.0
AMD,2025-02-24,111.49,111.6,107.98,108.11,29072208.0
AMD,2025-02-21,114.845,115.76,110.43,110.84,41353683.0
AMD,2025-02-20,115.01,116.55,113.105,114.17,27219565.0
AMD,2025-02-19,114.245,116.11,113.14,114.69,28807709.0
AMD,2025-02-18,114.05,115.55,113.45,114.28,31720307.0
AMD,2025-02-14,112.65,114.63,111.7,113.1,32477159.0
AMD,2025-02-13,112.0,114.6,110.4,111.81,40911804.0
AMD,2025-02-12,109.52,111.8356,109.0649,111.72,25319729.0
AMD,2025-02-11,108.98,113.07,108.94,111.1,35033759.0
AMD,2025-02-10,108.44,111.4,108.15,110.48,34905359.0
AMD,2025-02-07,109.13,109.92,106.79,107.56,46082499.0
AMD,2025-02-06,110.93,112.56,109.02,110.16,50426590.0
AMD,2025-02-05,107.61,112.09,106.5,112.01,110609343.0
AMD,2025-02-04,115.45,119.85,114.79,119.5,69412094.0
AMD,2025-02-03,113.875,115.16,112.98,114.27,34586051.0
AMD,2025-01-31,119.14,119.565,115.33,115.95,40533565.0
AMD,2025-01-30,118.53,120.44,117.09,118.86,29788383.0
AMD,2025-01-29,115.77,118.52,114.96,117.35,40199052.0
AMD,2025-01-28,115.175,116.15,112.95,114.17,40554760.0
AMD,2025-01-27,117.8,118.08,112.8,115.01,61067888.0
AMD,2025-01-24,124.55,125.25,122.23,122.84,31570300.0
AMD,2025-01-23,121.425,123.71,120.63,123.04,24921108.0
AMD,2025-01-22,123.08,125.65,121.912,123.75,35023842.0
AMD,2025-01-21,122.39,123.75,121.1201,122.28,31578832.0
AMD,2025-01-17,120.78,122.74,120.55,121.46,35765924.0
AMD,2025-01-16,120.24,121.09,118.25,118.44,29414126.0
AMD,2025-01-15,117.55,120.42,117.46,119.96,38185819.0
AMD,2025-01-14,118.0,118.66,114.5,116.09,37005279.0
AMD,2025-01-13,115.28,117.48,114.41,117.32,39128897.0
AMD,2025-01-10,118.18,118.71,114.4501,116.04,59415614.0
AMD,2025-01-08,124.51,125.3,120.1201,121.84,46723136.0
AMD,2025-01-07,130.51,131.71,126.8537,127.33,39220408.0
AMD,2025-01-06,129.07,130.73,127.36,129.55,48020190.0
AMD,2025-01-03,121.65,125.56,121.42,125.37,36785299.0
AMD,2025-01-02,122.29,123.14,119.44,120.63,34256182.0
AMD,2024-12-31,123.1,123.55,120.138,120.79,30203428.0
AMD,2024-12-30,123.562,124.1,122.35,122.44,30501637.0
AMD,2024-12-27,124.37,126.18,122.26,125.19,32924011.0
AMD,2024-12-26,125.52,127.2999,125.05,125.06,25139138.0
AMD,2024-12-24,127.51,127.51,124.66,126.29,24829564.0
AMD,2024-12-23,120.71,126.3387,120.47,124.6,47777898.0
AMD,2024-12-20,118.0,121.86,117.9,119.21,53591212.0
AMD,2024-12-19,122.16,123.38,118.45,118.88,46160667.0
AMD,2024-12-18,125.43,127.75,120.43,121.41,49724442.0
AMD,2024-12-17,124.45,127.08,123.15,125.02,43314939.0
AMD,2024-12-16,126.01,127.76,123.12,126.69,42090277.0
AMD,2024-12-13,131.3,131.3,124.77,126.91,67544738.0
AMD,2024-12-12,130.0,132.32,129.07,130.6,34267091.0
AMD,2024-12-11,128.52,131.21,126.2201,130.15,45588138.0
AMD,2024-12-10,131.56,131.56,127.07,127.74,38907198.0
Palantir,2025-05-06,112.71,113.91,105.3201,108.86,201193359.0
Palantir,2025-05-05,123.7,125.255,121.36,123.77,135961250.0
Palantir,2025-05-02,118.66,124.42,118.63,124.28,103094298.0
Palantir,2025-05-01,120.04,120.19,116.0,116.2,90677568.0
Palantir,2025-04-30,111.61,118.78,110.54,118.44,109461682.0
Palantir,2025-04-29,113.98,117.23,113.24,116.08,79709007.0
Palantir,2025-04-28,113.78,114.86,108.87,114.65,111082860.0
Palantir,2025-04-25,108.05,112.88,106.55,112.78,103933839.0
Palantir,2025-04-24,101.53,108.0,100.9101,107.78,103190699.0
Palantir,2025-04-23,98.86,103.76,97.83,100.82,112909507.0
Palantir,2025-04-22,93.015,96.3399,91.3503,93.99,91185377.0
Palantir,2025-04-21,92.84,96.475,89.31,90.8,83831145.0
Palantir,2025-04-17,94.71,95.11,92.27,93.78,83991760.0
Palantir,2025-04-16,96.28,97.3,89.62,92.71,121997637.0
Palantir,2025-04-15,93.53,98.99,93.05,98.4,118457651.0
Palantir,2025-04-14,95.8,97.33,91.46,92.62,122836852.0
Palantir,2025-04-11,87.98,89.55,85.47,88.55,95130683.0
Palantir,2025-04-10,88.4,90.78,84.14,88.59,124448216.0
Palantir,2025-04-09,78.19,93.33,77.27,92.01,187244271.0
Palantir,2025-04-08,83.29,86.114,75.22,77.32,135345594.0
Palantir,2025-04-07,66.65,81.8,66.12,77.84,169083704.0
Palantir,2025-04-04,80.07,80.98,71.9303,74.01,147323190.0
Palantir,2025-04-03,81.25,85.68,81.01,83.6,93878189.0
Palantir,2025-04-02,82.4,88.405,82.3,87.45,96563137.0
Palantir,2025-04-01,83.89,85.28,81.8201,84.68,78980662.0
Palantir,2025-03-31,80.0,84.65,78.75,84.4,108092868.0
Palantir,2025-03-28,89.34,89.38,84.1,85.85,91091708.0
Palantir,2025-03-27,91.015,93.65,89.67,90.09,82823003.0
Palantir,2025-03-26,96.29,97.2999,90.82,92.28,82138337.0
Palantir,2025-03-25,97.22,98.17,95.08,96.5,78015273.0
Palantir,2025-03-24,93.4,97.39,92.28,96.75,112164708.0
Palantir,2025-03-21,85.85,91.07,84.46,90.96,116748695.0
Palantir,2025-03-20,85.54,89.8,85.12,87.39,105547414.0
Palantir,2025-03-19,84.55,87.99,82.86,86.1,89797417.0
Palantir,2025-03-18,85.78,86.1699,81.8,83.89,93236494.0
Palantir,2025-03-17,88.44,88.82,84.5,87.35,99348869.0
Palantir,2025-03-14,82.97,87.27,82.16,86.24,113985021.0
Palantir,2025-03-13,82.845,83.74,78.32,79.62,100927167.0
Palantir,2025-03-12,83.48,84.55,79.86,83.65,116525071.0
Palantir,2025-03-11,75.785,80.745,75.53,78.05,109351514.0
Palantir,2025-03-10,82.0,82.69,74.57,76.38,133318038.0
Palantir,2025-03-07,80.025,85.16,79.15,84.91,105377101.0
Palantir,2025-03-06,87.505,88.34,80.01,80.46,117340586.0
Palantir,2025-03-05,86.35,90.3,82.5,90.13,116052996.0
Palantir,2025-03-04,80.16,88.5,79.3,84.4,116800332.0
Palantir,2025-03-03,88.55,90.4796,82.53,83.42,114573905.0
Palantir,2025-02-28,79.98,85.18,78.58,84.92,125977426.0
Palantir,2025-02-27,91.91,93.62,84.17,84.77,99680477.0
Palantir,2025-02-26,89.16,91.69,87.59,89.31,94846187.0
Palantir,2025-02-25,90.65,91.7,85.25,87.84,132626266.0
Palantir,2025-02-24,95.88,99.01,89.3,90.68,184484984.0
Palantir,2025-02-21,107.68,109.07,100.0,101.35,129063185.0
Palantir,2025-02-20,102.91,107.4,95.8,106.27,243093928.0
Palantir,2025-02-19,123.86,125.41,108.56,112.06,147487261.0
Palantir,2025-02-18,120.94,125.0,118.43,124.62,84227164.0
Palantir,2025-02-14,117.9,120.67,116.8,119.16,65528863.0
Palantir,2025-02-13,117.31,118.39,115.1501,117.91,60026970.0
Palantir,2025-02-12,110.29,117.59,110.0,117.39,75316878.0
Palantir,2025-02-11,116.5,118.66,112.1,112.62,94311705.0
Palantir,2025-02-10,112.03,116.76,108.72,116.65,99938072.0
Palantir,2025-02-07,111.66,116.3,110.45,110.85,143795408.0
Palantir,2025-02-06,101.09,111.545,100.26,111.28,128217484.0
Palantir,2025-02-05,101.78,103.57,99.32,101.36,90792345.0
Palantir,2025-02-04,102.8,106.91,100.51,103.83,230806794.0
Palantir,2025-02-03,80.125,84.25,78.47,83.74,126592731.0
Palantir,2025-01-31,81.0,85.22,80.87,82.49,79000219.0
Palantir,2025-01-30,80.02,81.8299,79.38,81.22,46067527.0
Palantir,2025-01-29,79.95,80.8199,77.81,79.76,49262158.0
Palantir,2025-01-28,75.54,80.74,74.04,80.23,65916656.0
Palantir,2025-01-27,74.07,76.72,72.67,75.44,76093325.0
Palantir,2025-01-24,79.05,82.24,78.4401,78.98,77931906.0
Palantir,2025-01-23,76.04,79.0,75.84,78.98,55937896.0
Palantir,2025-01-22,74.5,77.16,73.8,76.87,66876368.0
Palantir,2025-01-21,73.24,73.6363,70.6007,73.07,56228967.0
Palantir,2025-01-17,70.9,72.34,69.95,71.77,54753981.0
Palantir,2025-01-16,69.08,71.43,68.36,69.24,62908663.0
Palantir,2025-01-15,68.55,68.85,67.08,68.14,56025752.0
Palantir,2025-01-14,67.18,68.23,65.19,65.91,56814898.0
Palantir,2025-01-13,64.29,65.68,63.4,64.98,69046325.0
Palantir,2025-01-10,66.01,68.2,65.04,67.26,78148636.0
Palantir,2025-01-08,68.12,69.53,66.51,68.23,91349513.0
Palantir,2025-01-07,75.2,75.39,69.75,69.99,91727347.0
Palantir,2025-01-06,78.69,80.06,74.61,75.92,105619544.0
Palantir,2025-01-03,75.39,79.98,75.19,79.89,62415008.0
Palantir,2025-01-02,76.2,76.53,72.42,75.19,72217192.0
Palantir,2024-12-31,77.58,77.9796,73.65,75.63,56267937.0
Palantir,2024-12-30,77.04,79.24,76.11,77.18,60850862.0
Palantir,2024-12-27,81.42,82.0,77.93,79.08,66975887.0
Palantir,2024-12-26,83.16,83.49,81.3,82.14,60547746.0
Palantir,2024-12-24,81.09,84.7968,81.0,82.38,64983263.0
Palantir,2024-12-23,80.65,82.02,77.41,80.69,93819484.0
Palantir,2024-12-20,72.64,80.66,71.5,80.55,281230836.0
Palantir,2024-12-19,73.99,76.59,73.37,74.21,99524332.0
Palantir,2024-12-18,74.3,77.6,70.27,71.51,109643381.0
Palantir,2024-12-17,73.28,75.32,71.7,74.39,75469386.0
Palantir,2024-12-16,75.06,77.82,71.16,75.75,126099615.0
Palantir,2024-12-13,73.49,76.1,72.45,76.07,76172785.0
Palantir,2024-12-12,72.3,75.38,71.9,73.2,73859672.0
Palantir,2024-12-11,72.98,73.0,68.07,72.51,89477656.0
Palantir,2024-12-10,71.99,75.56,70.73,70.89,89672470.0
